<?xml version="1.0" encoding="UTF-8"?>
<project-private xmlns="http://www.netbeans.org/ns/project-private/1">
    <editor-bookmarks xmlns="http://www.netbeans.org/ns/editor-bookmarks/2" lastBookmarkId="0"/>
    <open-files xmlns="http://www.netbeans.org/ns/projectui-open-files/2">
        <group>
            <file>file:/C:/Users/leone/MPLABXProjects/finalProject.X/CONFIG.h</file>
            <file>file:/C:/Users/leone/MPLABXProjects/finalProject.X/Init.h</file>
            <file>file:/C:/Users/leone/MPLABXProjects/finalProject.X/ServoFunctions.h</file>
            <file>file:/C:/Users/leone/MPLABXProjects/finalProject.X/main.c</file>
        </group>
    </open-files>
</project-private>
